"","residues","V1"
"1","1",0.0105216
"2","2",0.00837304
"3","3",0.00829075
"4","4",0.00638186
"5","5",0.00496501
"6","6",0.00474899
"7","7",0.00596136
"8","8",0.00579214
"9","9",0.00529823
"10","10",0.00598991
"11","11",0.0077613
"12","12",0.007444
"13","13",0.00799821
"14","14",0.0111098
"15","15",0.0114704
"16","16",0.0139149
"17","17",0.0149056
"18","18",0.0176102
"19","19",0.0176185
"20","20",0.0177048
"21","21",0.019802
"22","22",0.0215881
"23","23",0.0224983
"24","24",0.0208399
"25","25",0.0231606
"26","26",0.0262352
"27","27",0.0252117
"28","28",0.0240873
"29","29",0.025934
"30","30",0.0279901
"31","31",0.0312326
"32","32",0.0273683
"33","33",0.0352457
"34","34",0.0310423
"35","35",0.0391344
"36","36",0.0401971
"37","37",0.0381118
"38","38",0.0354257
"39","39",0.0251733
"40","40",0.023897
"41","41",0.020909
"42","42",0.0189066
"43","43",0.0174139
"44","44",0.0153004
"45","45",0.0164945
"46","46",0.0166339
"47","47",0.0196705
"48","48",0.0172869
"49","49",0.0144407
"50","50",0.016674
"51","51",0.0175466
"52","52",0.0133754
"53","53",0.0106502
"54","54",0.0102681
"55","55",0.00996146
"56","56",0.00657317
"57","57",0.0039613
"58","58",0.00280486
"59","59",0.00275987
"60","60",0.00387224
"61","61",0.00260195
"62","62",0.00195944
"63","63",0.0022623
"64","64",0.00293996
"65","65",0.00310394
"66","66",0.00302602
"67","67",0.0023968
"68","68",0.00209977
"69","69",0.00252903
"70","70",0.00291999
"71","71",0.00292623
"72","72",0.00338446
"73","73",0.00441411
"74","74",0.00468589
"75","75",0.00532823
"76","76",0.00735844
"77","77",0.00677343
"78","78",0.00671934
"79","79",0.00937564
"80","80",0.00979783
"81","81",0.00856565
"82","82",0.00978259
"83","83",0.0126283
"84","84",0.0119686
"85","85",0.0129285
"86","86",0.0093511
"87","87",0.0101051
"88","88",0.0116466
"89","89",0.0119068
"90","90",0.0108983
"91","91",0.0119172
"92","92",0.0124555
"93","93",0.0132996
"94","94",0.0141351
"95","95",0.0154347
"96","96",0.0159654
"97","97",0.0163746
"98","98",0.0179903
"99","99",0.0189386
"100","100",0.018093
"101","101",0.0168595
"102","102",0.0165548
"103","103",0.0159045
"104","104",0.0146092
"105","105",0.0145727
"106","106",0.013823
"107","107",0.0127598
"108","108",0.0115787
"109","109",0.0110019
"110","110",0.0110167
"111","111",0.00992659
"112","112",0.00894892
"113","113",0.0088716
"114","114",0.0074776
"115","115",0.00574837
"116","116",0.00656775
"117","117",0.00668548
"118","118",0.00901701
"119","119",0.00896772
"120","120",0.0100701
"121","121",0.0115581
"122","122",0.0124673
"123","123",0.0125901
"124","124",0.0125053
"125","125",0.0144298
"126","126",0.0169798
"127","127",0.0163666
"128","128",0.0166978
"129","129",0.0201733
"130","130",0.0219005
"131","131",0.0201504
"132","132",0.0214522
"133","133",0.0242183
"134","134",0.0251578
"135","135",0.0234926
"136","136",0.0273498
"137","137",0.0245388
"138","138",0.0246052
"139","139",0.0225953
"140","140",0.0200354
"141","141",0.0198999
"142","142",0.0178847
"143","143",0.0173734
"144","144",0.0158482
"145","145",0.0150283
"146","146",0.0135987
"147","147",0.0132772
"148","148",0.0123995
"149","149",0.0113395
"150","150",0.0106585
"151","151",0.0106073
"152","152",0.0109161
"153","153",0.0101399
"154","154",0.00889739
"155","155",0.00804717
"156","156",0.00838139
"157","157",0.00778568
"158","158",0.00787558
"159","159",0.00594813
"160","160",0.00503746
"161","161",0.0041473
"162","162",0.00354413
"163","163",0.00446506
"164","164",0.00492912
"165","165",0.0035948
"166","166",0.00349834
"167","167",0.00513354
"168","168",0.00509091
"169","169",0.00400641
"170","170",0.00489176
"171","171",0.00599817
"172","172",0.00600193
"173","173",0.00620504
"174","174",0.00736846
"175","175",0.00841795
"176","176",0.00813114
"177","177",0.00996807
"178","178",0.0126514
"179","179",0.0100187
"180","180",0.00894499
"181","181",0.00900877
"182","182",0.00794939
"183","183",0.00639213
"184","184",0.00618409
"185","185",0.00532267
"186","186",0.00464919
"187","187",0.00559231
"188","188",0.00700062
"189","189",0.00725516
"190","190",0.00756213
"191","191",0.00886538
"192","192",0.00954665
"193","193",0.00819517
"194","194",0.00852951
"195","195",0.00980004
"196","196",0.00983989
"197","197",0.00950144
"198","198",0.0102232
"199","199",0.0108898
"200","200",0.0107946
"201","201",0.0117606
"202","202",0.0126081
"203","203",0.0124449
"204","204",0.0131895
"205","205",0.0140039
"206","206",0.0149713
"207","207",0.0150323
"208","208",0.0166558
"209","209",0.0181409
"210","210",0.0188951
"211","211",0.0193256
"212","212",0.0188642
"213","213",0.0210115
"214","214",0.0234136
"215","215",0.0239252
"216","216",0.0244798
"217","217",0.0269028
"218","218",0.0300689
"219","219",0.0325844
"220","220",0.037769
"221","221",0.0306835
"222","222",0.033541
"223","223",0.0291238
"224","224",0.0274743
"225","225",0.0277806
"226","226",0.023326
"227","227",0.0213639
"228","228",0.0184714
"229","229",0.0144685
"230","230",0.0135626
"231","231",0.0140045
"232","232",0.0149893
"233","233",0.0190743
"234","234",0.0224834
"235","235",0.0238319
"236","236",0.0205778
"237","237",0.0192819
"238","238",0.0249692
"239","239",0.0226056
"240","240",0.0197839
"241","241",0.0220721
"242","242",0.0229719
"243","243",0.0197265
"244","244",0.0186344
"245","245",0.0229364
"246","246",0.0228253
"247","247",0.0181015
"248","248",0.0217811
"249","249",0.0249513
"250","250",0.0246017
"251","251",0.0210246
"252","252",0.0265951
"253","253",0.02945
"254","254",0.0258696
"255","255",0.0282143
"256","256",0.0322581
"257","257",0.034201
"258","258",0.0356089
"259","259",0.0326231
"260","260",0.0296363
"261","261",0.0236318
"262","262",0.0215722
"263","263",0.0293058
"264","264",0.0288506
"265","265",0.0296796
"266","266",0.0427044
"267","267",0.0367369
"268","268",0.0332791
"269","269",0.0316561
"270","270",0.0282196
"271","271",0.0250951
"272","272",0.0224341
"273","273",0.0233301
"274","274",0.0181684
"275","275",0.0169417
"276","276",0.0133432
"277","277",0.0103994
"278","278",0.00681577
"279","279",0.00604574
"280","280",0.0043666
"281","281",0.00435966
"282","282",0.00638568
"283","283",0.00555243
"284","284",0.00610064
"285","285",0.00748302
"286","286",0.0108059
"287","287",0.0088311
"288","288",0.00929573
"289","289",0.0129887
"290","290",0.0139076
"291","291",0.0123073
"292","292",0.0128347
"293","293",0.0165708
"294","294",0.0168605
"295","295",0.0154118
"296","296",0.0168122
"297","297",0.0196584
"298","298",0.018524
"299","299",0.0197265
"300","300",0.0164113
"301","301",0.013965
"302","302",0.0172557
"303","303",0.0160641
"304","304",0.0113996
"305","305",0.00874265
"306","306",0.0110081
"307","307",0.0108143
"308","308",0.00705409
"309","309",0.00725072
"310","310",0.00802832
"311","311",0.00606335
"312","312",0.00511203
"313","313",0.005855
"314","314",0.00528856
"315","315",0.00412318
"316","316",0.00428711
"317","317",0.00430294
"318","318",0.00389615
"319","319",0.00409899
"320","320",0.00445087
"321","321",0.00329959
"322","322",0.00321948
"323","323",0.0038819
"324","324",0.00402323
"325","325",0.00337644
"326","326",0.0033743
"327","327",0.00483198
"328","328",0.00429911
"329","329",0.00381118
"330","330",0.00504475
"331","331",0.00646668
"332","332",0.00662122
"333","333",0.00661021
"334","334",0.010075
"335","335",0.01017
"336","336",0.00981961
"337","337",0.0126849
"338","338",0.0155291
"339","339",0.0160069
"340","340",0.016649
"341","341",0.0117858
"342","342",0.0152153
"343","343",0.0176921
"344","344",0.0142047
"345","345",0.0140891
"346","346",0.0177791
"347","347",0.0188453
"348","348",0.0166196
"349","349",0.0169346
"350","350",0.0197394
"351","351",0.0224069
"352","352",0.0202318
"353","353",0.0203048
"354","354",0.0253413
"355","355",0.0263353
"356","356",0.0261803
"357","357",0.0243314
"358","358",0.023538
"359","359",0.0176419
"360","360",0.0169677
"361","361",0.0183822
"362","362",0.0168979
"363","363",0.0135874
"364","364",0.0136384
"365","365",0.0143918
"366","366",0.0120474
"367","367",0.0116397
"368","368",0.0115537
"369","369",0.0118507
"370","370",0.00981359
"371","371",0.0103823
"372","372",0.0108842
"373","373",0.00978794
"374","374",0.00981225
"375","375",0.010433
"376","376",0.00939335
"377","377",0.00764811
"378","378",0.0085994
"379","379",0.0072417
"380","380",0.00676092
"381","381",0.00443328
"382","382",0.00454592
"383","383",0.0062517
"384","384",0.00591665
"385","385",0.0046197
"386","386",0.00581001
"387","387",0.0066703
"388","388",0.00686604
"389","389",0.00783186
"390","390",0.00946339
"391","391",0.00976073
"392","392",0.00878603
"393","393",0.0114176
"394","394",0.0140566
"395","395",0.0131642
"396","396",0.0124116
"397","397",0.0163278
"398","398",0.0161507
"399","399",0.0147254
"400","400",0.012715
"401","401",0.0110174
"402","402",0.00864301
"403","403",0.00760915
"404","404",0.0106068
"405","405",0.0100451
"406","406",0.00797312
"407","407",0.00946286
"408","408",0.0115938
"409","409",0.0091128
"410","410",0.008724
"411","411",0.0105908
"412","412",0.0106521
"413","413",0.00915848
"414","414",0.00982352
"415","415",0.0108343
"416","416",0.0110014
"417","417",0.0107348
"418","418",0.012323
"419","419",0.0131858
"420","420",0.0123465
"421","421",0.0132876
"422","422",0.0112002
"423","423",0.0112367
"424","424",0.0127829
"425","425",0.0129583
"426","426",0.0142255
"427","427",0.0159536
"428","428",0.0163597
"429","429",0.0160488
"430","430",0.0184965
"431","431",0.0203069
"432","432",0.018823
"433","433",0.0202573
"434","434",0.022606
"435","435",0.0231445
"436","436",0.0249031
"437","437",0.0238694
"438","438",0.0235644
"439","439",0.0245717
"440","440",0.0214268
"441","441",0.0203412
"442","442",0.0172873
"443","443",0.0171517
"444","444",0.0191921
"445","445",0.0165725
"446","446",0.0158224
"447","447",0.0168446
"448","448",0.0164219
"449","449",0.014295
"450","450",0.0139755
"451","451",0.0147289
"452","452",0.0134426
"453","453",0.0124092
"454","454",0.0129635
"455","455",0.0127182
"456","456",0.0118766
"457","457",0.0119457
"458","458",0.0132934
"459","459",0.0128249
"460","460",0.0120832
"461","461",0.0132771
"462","462",0.0155249
"463","463",0.014209
"464","464",0.0139473
"465","465",0.0170715
"466","466",0.0189931
"467","467",0.0170793
"468","468",0.017042
"469","469",0.0206502
"470","470",0.0230349
"471","471",0.0212388
"472","472",0.0173095
"473","473",0.0122443
"474","474",0.0105616
"475","475",0.00851289
"476","476",0.00753249
"477","477",0.00708713
"478","478",0.00612466
"479","479",0.00485991
"480","480",0.00509717
"481","481",0.00612439
"482","482",0.00602468
"483","483",0.00569205
"484","484",0.0063742
"485","485",0.00873072
"486","486",0.00831723
"487","487",0.00879605
"488","488",0.0113194
"489","489",0.0130275
"490","490",0.0143112
"491","491",0.0150674
"492","492",0.0179739
"493","493",0.0172231
"494","494",0.0176753
"495","495",0.0198546
"496","496",0.021758
"497","497",0.022533
"498","498",0.0207617
"499","499",0.0241917
"500","500",0.0263535
"501","501",0.0253004
"502","502",0.0241279
"503","503",0.0252735
"504","504",0.0266524
"505","505",0.0331344
"506","506",0.0282615
"507","507",0.0310713
"508","508",0.0355159
"509","509",0.0426167
"510","510",0.0405416
"511","511",0.0384377
"512","512",0.0351721
"513","513",0.0268855
"514","514",0.0238396
"515","515",0.0207023
"516","516",0.0194952
"517","517",0.0172117
"518","518",0.0150124
"519","519",0.0162449
"520","520",0.016973
"521","521",0.0186041
"522","522",0.0170563
"523","523",0.0141805
"524","524",0.0164744
"525","525",0.0175746
"526","526",0.0132613
"527","527",0.0101761
"528","528",0.0102331
"529","529",0.0103435
"530","530",0.00669284
"531","531",0.00400688
"532","532",0.00297676
"533","533",0.00299315
"534","534",0.00391036
"535","535",0.00268117
"536","536",0.0020433
"537","537",0.00233273
"538","538",0.00304234
"539","539",0.00309149
"540","540",0.00312856
"541","541",0.00244657
"542","542",0.00216006
"543","543",0.00258123
"544","544",0.00296684
"545","545",0.00295599
"546","546",0.00312678
"547","547",0.00433048
"548","548",0.00457693
"549","549",0.00531858
"550","550",0.00709841
"551","551",0.00643724
"552","552",0.0064232
"553","553",0.00852189
"554","554",0.0095662
"555","555",0.00768878
"556","556",0.00964631
"557","557",0.0121441
"558","558",0.0113324
"559","559",0.0122573
"560","560",0.00819022
"561","561",0.00913774
"562","562",0.0109172
"563","563",0.0111493
"564","564",0.010732
"565","565",0.0114109
"566","566",0.0144924
"567","567",0.0124606
"568","568",0.0139277
"569","569",0.0179184
"570","570",0.0158816
"571","571",0.0159
"572","572",0.0142205
"573","573",0.0143734
"574","574",0.0140546
"575","575",0.0133047
"576","576",0.0120488
"577","577",0.0117697
"578","578",0.0117492
"579","579",0.0107781
"580","580",0.00979325
"581","581",0.00961632
"582","582",0.00816223
"583","583",0.00632731
"584","584",0.00637154
"585","585",0.00681736
"586","586",0.00925683
"587","587",0.00917116
"588","588",0.0104517
"589","589",0.0124829
"590","590",0.0128888
"591","591",0.0114476
"592","592",0.0125261
"593","593",0.0152979
"594","594",0.0178303
"595","595",0.0168655
"596","596",0.0167022
"597","597",0.0207223
"598","598",0.0241407
"599","599",0.0239639
"600","600",0.0246026
"601","601",0.0266188
"602","602",0.0325834
"603","603",0.0331212
"604","604",0.0350952
"605","605",0.0296707
"606","606",0.0271159
"607","607",0.0232135
"608","608",0.0212021
"609","609",0.0211191
"610","610",0.0193014
"611","611",0.0178218
"612","612",0.0166886
"613","613",0.0159164
"614","614",0.0144071
"615","615",0.0139988
"616","616",0.0132996
"617","617",0.0122838
"618","618",0.0116614
"619","619",0.0118927
"620","620",0.0119987
"621","621",0.0110436
"622","622",0.00981783
"623","623",0.00878193
"624","624",0.00894287
"625","625",0.00836436
"626","626",0.00834566
"627","627",0.0063442
"628","628",0.00527599
"629","629",0.00430918
"630","630",0.00367736
"631","631",0.00487893
"632","632",0.00514091
"633","633",0.00371989
"634","634",0.00370232
"635","635",0.00521421
"636","636",0.00545056
"637","637",0.00409465
"638","638",0.00481162
"639","639",0.00597745
"640","640",0.00633698
"641","641",0.00635408
"642","642",0.00742915
"643","643",0.00828652
"644","644",0.0080696
"645","645",0.00982926
"646","646",0.0120553
"647","647",0.00927029
"648","648",0.00891553
"649","649",0.00940763
"650","650",0.00790111
"651","651",0.00648696
"652","652",0.00574424
"653","653",0.00539465
"654","654",0.00468456
"655","655",0.00573904
"656","656",0.00674936
"657","657",0.00730286
"658","658",0.00766948
"659","659",0.0089862
"660","660",0.00956269
"661","661",0.00838539
"662","662",0.00882662
"663","663",0.00997451
"664","664",0.0102397
"665","665",0.0101333
"666","666",0.0110116
"667","667",0.0115184
"668","668",0.0117914
"669","669",0.0125314
"670","670",0.0134612
"671","671",0.0135151
"672","672",0.0141727
"673","673",0.0151637
"674","674",0.0158667
"675","675",0.0171342
"676","676",0.0179384
"677","677",0.0185729
"678","678",0.0200273
"679","679",0.0199282
"680","680",0.0193232
"681","681",0.0220445
"682","682",0.0245905
"683","683",0.0260399
"684","684",0.0268508
"685","685",0.0308949
"686","686",0.0364084
"687","687",0.0421579
"688","688",0.0505334
"689","689",0.0426703
"690","690",0.0441152
"691","691",0.0438273
"692","692",0.0383901
"693","693",0.0363466
"694","694",0.0318437
"695","695",0.0319236
"696","696",0.0296797
"697","697",0.0273834
"698","698",0.028471
"699","699",0.0248196
"700","700",0.0296013
"701","701",0.0262394
"702","702",0.0278808
"703","703",0.0272856
"704","704",0.0225905
"705","705",0.0215046
"706","706",0.0270492
"707","707",0.0245868
"708","708",0.0211119
"709","709",0.0238103
"710","710",0.0236519
"711","711",0.0213531
"712","712",0.0203428
"713","713",0.0242233
"714","714",0.0242233
"715","715",0.0193501
"716","716",0.0226712
"717","717",0.0241634
"718","718",0.0247283
"719","719",0.0210104
"720","720",0.0277348
"721","721",0.0275056
"722","722",0.0267643
"723","723",0.0288433
"724","724",0.0330737
"725","725",0.0349993
"726","726",0.0379065
"727","727",0.0335853
"728","728",0.0304338
"729","729",0.0239645
"730","730",0.0231333
"731","731",0.0304506
"732","732",0.0313495
"733","733",0.0312226
"734","734",0.0509196
"735","735",0.0392522
"736","736",0.0351111
"737","737",0.0367429
"738","738",0.0307348
"739","739",0.0254496
"740","740",0.0227961
"741","741",0.0231553
"742","742",0.0182785
"743","743",0.0161899
"744","744",0.0117527
"745","745",0.00796329
"746","746",0.00658766
"747","747",0.00573852
"748","748",0.00431713
"749","749",0.00426775
"750","750",0.00612245
"751","751",0.00542848
"752","752",0.00574531
"753","753",0.00714955
"754","754",0.0107556
"755","755",0.00836068
"756","756",0.00904395
"757","757",0.0128736
"758","758",0.0146003
"759","759",0.0124349
"760","760",0.0131423
"761","761",0.0177995
"762","762",0.0187488
"763","763",0.0162972
"764","764",0.0171201
"765","765",0.021265
"766","766",0.0201013
"767","767",0.020655
"768","768",0.0164991
"769","769",0.0143085
"770","770",0.0172894
"771","771",0.0149337
"772","772",0.0113347
"773","773",0.00873739
"774","774",0.010792
"775","775",0.0106246
"776","776",0.0068799
"777","777",0.00689364
"778","778",0.00821209
"779","779",0.00597169
"780","780",0.00499187
"781","781",0.0056166
"782","782",0.00505573
"783","783",0.00409455
"784","784",0.00427995
"785","785",0.00425938
"786","786",0.00381207
"787","787",0.0042071
"788","788",0.00463115
"789","789",0.00344653
"790","790",0.00348492
"791","791",0.00401732
"792","792",0.00415327
"793","793",0.00344616
"794","794",0.00349528
"795","795",0.00494346
"796","796",0.00457165
"797","797",0.00394459
"798","798",0.00521516
"799","799",0.00670805
"800","800",0.00642389
"801","801",0.00637369
"802","802",0.00933917
"803","803",0.0101688
"804","804",0.00995763
"805","805",0.0121389
"806","806",0.0155553
"807","807",0.0154951
"808","808",0.0163926
"809","809",0.0116447
"810","810",0.0143631
"811","811",0.0172214
"812","812",0.0147187
"813","813",0.0146582
"814","814",0.0183569
"815","815",0.0202157
"816","816",0.0178026
"817","817",0.0188262
"818","818",0.0231899
"819","819",0.0253018
"820","820",0.0243126
"821","821",0.0237704
"822","822",0.0315102
"823","823",0.0349757
"824","824",0.0341037
"825","825",0.0278146
"826","826",0.0237362
"827","827",0.0182128
"828","828",0.0164655
"829","829",0.0181691
"830","830",0.0155515
"831","831",0.0134258
"832","832",0.0134612
"833","833",0.0139575
"834","834",0.0119116
"835","835",0.0117317
"836","836",0.0121374
"837","837",0.0116284
"838","838",0.0102563
"839","839",0.0111662
"840","840",0.0116456
"841","841",0.0111662
"842","842",0.0105815
"843","843",0.0118268
"844","844",0.0116025
"845","845",0.0080232
"846","846",0.00967965
"847","847",0.00854203
"848","848",0.00740732
"849","849",0.00458571
"850","850",0.00466118
"851","851",0.00705418
"852","852",0.00604311
"853","853",0.00483011
"854","854",0.00583223
"855","855",0.00688705
"856","856",0.00716615
"857","857",0.00822498
"858","858",0.00958824
"859","859",0.0101926
"860","860",0.00963676
"861","861",0.0113474
"862","862",0.0146532
"863","863",0.0133099
"864","864",0.0125142
"865","865",0.0168515
"866","866",0.0166629
"867","867",0.0158877
"868","868",0.0129229
"869","869",0.0109046
"870","870",0.00873337
"871","871",0.00764227
"872","872",0.0105681
"873","873",0.0101626
"874","874",0.00786811
"875","875",0.00944453
"876","876",0.0117072
"877","877",0.00937188
"878","878",0.00884998
"879","879",0.0109348
"880","880",0.0112156
"881","881",0.0101825
"882","882",0.0108226
"883","883",0.0118538
"884","884",0.0122161
"885","885",0.011982
"886","886",0.0140657
"887","887",0.0146436
"888","888",0.0139947
"889","889",0.0154243
"890","890",0.0135891
"891","891",0.0130215
"892","892",0.0150375
"893","893",0.0146706
"894","894",0.0160618
"895","895",0.0182194
"896","896",0.0181195
"897","897",0.0171726
"898","898",0.0201383
"899","899",0.0216001
"900","900",0.0193883
"901","901",0.0206996
"902","902",0.0228422
"903","903",0.0229337
"904","904",0.0228546
"905","905",0.023571
"906","906",0.024226
"907","907",0.0251371
"908","908",0.0229552
"909","909",0.0219307
"910","910",0.0191592
"911","911",0.0196751
"912","912",0.020495
"913","913",0.0179095
"914","914",0.0175986
"915","915",0.0177658
"916","916",0.0169957
"917","917",0.0155581
"918","918",0.0153303
"919","919",0.0154269
"920","920",0.0144891
"921","921",0.0137474
"922","922",0.0140287
"923","923",0.0136195
"924","924",0.0127561
"925","925",0.012598
"926","926",0.0132217
"927","927",0.0133583
"928","928",0.0123082
"929","929",0.0134168
"930","930",0.0153351
"931","931",0.0144721
"932","932",0.013974
"933","933",0.0166161
"934","934",0.0190151
"935","935",0.0164304
"936","936",0.0157673
"937","937",0.0198596
"938","938",0.0205335
"939","939",0.0199692
"940","940",0.0163715
"941","941",0.0117333
"942","942",0.01033
"943","943",0.00843078
"944","944",0.00760288
