"","Row.Names","V1"
"1","1",0.106051
"2","2",0.0611374
"3","3",0.0660257
"4","4",0.0368989
"5","5",0.0148181
"6","6",0.0134348
"7","7",0.0193325
"8","8",0.0180537
"9","9",0.0120511
"10","10",0.0140204
"11","11",0.0158887
"12","12",0.013122
"13","13",0.0134189
"14","14",0.0174562
"15","15",0.0176146
"16","16",0.0201379
"17","17",0.0243254
"18","18",0.0262646
"19","19",0.0252759
"20","20",0.0254993
"21","21",0.0295491
"22","22",0.0299099
"23","23",0.0283674
"24","24",0.0277779
"25","25",0.0320487
"26","26",0.0330696
"27","27",0.0316194
"28","28",0.0269577
"29","29",0.028013
"30","30",0.0325922
"31","31",0.0417311
"32","32",0.0345359
"33","33",0.054968
"34","34",0.0493673
"35","35",0.0697027
"36","36",0.0676204
"37","37",0.0602045
"38","38",0.0501871
"39","39",0.0277059
"40","40",0.0259928
"41","41",0.0238443
"42","42",0.0266054
"43","43",0.0273639
"44","44",0.0281094
"45","45",0.0323696
"46","46",0.0345204
"47","47",0.043386
"48","48",0.0391645
"49","49",0.0310445
"50","50",0.0388631
"51","51",0.0381163
"52","52",0.0321559
"53","53",0.0258646
"54","54",0.0335485
"55","55",0.0281711
"56","56",0.0208062
"57","57",0.0170527
"58","58",0.0158722
"59","59",0.0158895
"60","60",0.0125225
"61","61",0.010452
"62","62",0.0109677
"63","63",0.0112604
"64","64",0.00805549
"65","65",0.00559916
"66","66",0.00441731
"67","67",0.00633433
"68","68",0.00598358
"69","69",0.00448271
"70","70",0.0044601
"71","71",0.00641005
"72","72",0.00654519
"73","73",0.00567961
"74","74",0.00651217
"75","75",0.00921048
"76","76",0.00891446
"77","77",0.00743343
"78","78",0.0094023
"79","79",0.0120464
"80","80",0.0104402
"81","81",0.00802213
"82","82",0.0116866
"83","83",0.0135448
"84","84",0.0105898
"85","85",0.0116932
"86","86",0.00694335
"87","87",0.00643411
"88","88",0.00822886
"89","89",0.00924656
"90","90",0.00742328
"91","91",0.00805171
"92","92",0.0113737
"93","93",0.0139089
"94","94",0.0122336
"95","95",0.0157882
"96","96",0.0239519
"97","97",0.0205166
"98","98",0.0261643
"99","99",0.0221534
"100","100",0.0323289
"101","101",0.0229765
"102","102",0.0154102
"103","103",0.0116502
"104","104",0.0114746
"105","105",0.0145709
"106","106",0.00885464
"107","107",0.00699495
"108","108",0.00676517
"109","109",0.00667564
"110","110",0.00532895
"111","111",0.00436404
"112","112",0.00400483
"113","113",0.00387233
"114","114",0.0027634
"115","115",0.00244765
"116","116",0.00365445
"117","117",0.00357313
"118","118",0.00421227
"119","119",0.00455003
"120","120",0.00459501
"121","121",0.0053411
"122","122",0.00631685
"123","123",0.00686188
"124","124",0.00641749
"125","125",0.00710339
"126","126",0.00925024
"127","127",0.0091643
"128","128",0.00944379
"129","129",0.0121479
"130","130",0.0147773
"131","131",0.0131673
"132","132",0.0142639
"133","133",0.0181485
"134","134",0.0194565
"135","135",0.0175165
"136","136",0.0244715
"137","137",0.0193667
"138","138",0.0198352
"139","139",0.0152214
"140","140",0.0118828
"141","141",0.0119587
"142","142",0.00999006
"143","143",0.0092757
"144","144",0.00785365
"145","145",0.00768658
"146","146",0.00670418
"147","147",0.00609039
"148","148",0.00548892
"149","149",0.00503142
"150","150",0.00453005
"151","151",0.00444162
"152","152",0.00454032
"153","153",0.00404587
"154","154",0.00324182
"155","155",0.00274217
"156","156",0.00331332
"157","157",0.00320467
"158","158",0.0038028
"159","159",0.00282049
"160","160",0.00245877
"161","161",0.00284508
"162","162",0.00292651
"163","163",0.00197093
"164","164",0.00230128
"165","165",0.00309783
"166","166",0.00337662
"167","167",0.00264896
"168","168",0.00323671
"169","169",0.00391195
"170","170",0.00459362
"171","171",0.00411778
"172","172",0.00485013
"173","173",0.00578268
"174","174",0.00592145
"175","175",0.00640668
"176","176",0.00691651
"177","177",0.00855895
"178","178",0.0112887
"179","179",0.00893005
"180","180",0.00830803
"181","181",0.00868933
"182","182",0.00664233
"183","183",0.00501058
"184","184",0.00404213
"185","185",0.00372137
"186","186",0.00306768
"187","187",0.00355847
"188","188",0.00376337
"189","189",0.00361783
"190","190",0.00415392
"191","191",0.00559826
"192","192",0.00587475
"193","193",0.00371143
"194","194",0.00455972
"195","195",0.00551398
"196","196",0.00476383
"197","197",0.00441726
"198","198",0.00530381
"199","199",0.00554249
"200","200",0.00488638
"201","201",0.00641595
"202","202",0.00717335
"203","203",0.00631405
"204","204",0.00655772
"205","205",0.00840592
"206","206",0.00831654
"207","207",0.00747579
"208","208",0.00913534
"209","209",0.0110482
"210","210",0.0118736
"211","211",0.011794
"212","212",0.0107783
"213","213",0.0140326
"214","214",0.018555
"215","215",0.0200773
"216","216",0.0204082
"217","217",0.0264275
"218","218",0.0376549
"219","219",0.0466951
"220","220",0.0756081
"221","221",0.0350462
"222","222",0.0438428
"223","223",0.0278392
"224","224",0.0237124
"225","225",0.0250854
"226","226",0.0171717
"227","227",0.015309
"228","228",0.0117677
"229","229",0.00840204
"230","230",0.00902856
"231","231",0.01037
"232","232",0.0120208
"233","233",0.0175372
"234","234",0.021707
"235","235",0.0235979
"236","236",0.0205597
"237","237",0.0186635
"238","238",0.0258332
"239","239",0.0236097
"240","240",0.0203843
"241","241",0.0237833
"242","242",0.0259129
"243","243",0.0210093
"244","244",0.0203165
"245","245",0.0280447
"246","246",0.0285784
"247","247",0.0207169
"248","248",0.028259
"249","249",0.0340985
"250","250",0.033622
"251","251",0.0288697
"252","252",0.0388106
"253","253",0.045347
"254","254",0.0439779
"255","255",0.0448916
"256","256",0.0508555
"257","257",0.0543066
"258","258",0.0558709
"259","259",0.0555104
"260","260",0.0529912
"261","261",0.0511303
"262","262",0.0419602
"263","263",0.0485745
"264","264",0.0483146
"265","265",0.0563809
"266","266",0.0638351
"267","267",0.0557174
"268","268",0.0532979
"269","269",0.0503734
"270","270",0.044485
"271","271",0.0384334
"272","272",0.0341205
"273","273",0.0397142
"274","274",0.0368166
"275","275",0.0278658
"276","276",0.0197181
"277","277",0.0151078
"278","278",0.0105728
"279","279",0.00702876
"280","280",0.00438507
"281","281",0.00531615
"282","282",0.00690989
"283","283",0.00525262
"284","284",0.00628534
"285","285",0.00794995
"286","286",0.0107723
"287","287",0.00878587
"288","288",0.0102498
"289","289",0.0131786
"290","290",0.013913
"291","291",0.0127596
"292","292",0.0149753
"293","293",0.0174767
"294","294",0.0169497
"295","295",0.0168692
"296","296",0.0200333
"297","297",0.0209798
"298","298",0.019026
"299","299",0.021717
"300","300",0.0189233
"301","301",0.018969
"302","302",0.0235134
"303","303",0.0234727
"304","304",0.0238374
"305","305",0.0243296
"306","306",0.019299
"307","307",0.016798
"308","308",0.0186536
"309","309",0.0176734
"310","310",0.0138483
"311","311",0.0125607
"312","312",0.014892
"313","313",0.0144149
"314","314",0.0115504
"315","315",0.0116657
"316","316",0.0150672
"317","317",0.0129666
"318","318",0.0118183
"319","319",0.0133913
"320","320",0.0141445
"321","321",0.00909762
"322","322",0.0102352
"323","323",0.0119235
"324","324",0.0105628
"325","325",0.00848672
"326","326",0.0111138
"327","327",0.0113655
"328","328",0.00878722
"329","329",0.00939848
"330","330",0.0119101
"331","331",0.0107833
"332","332",0.00822504
"333","333",0.0101433
"334","334",0.016358
"335","335",0.0114213
"336","336",0.0100766
"337","337",0.0170509
"338","338",0.0190029
"339","339",0.016837
"340","340",0.0179071
"341","341",0.010743
"342","342",0.0138124
"343","343",0.0164384
"344","344",0.0129918
"345","345",0.0125015
"346","346",0.0171015
"347","347",0.020824
"348","348",0.0180587
"349","349",0.0186781
"350","350",0.0262037
"351","351",0.0358845
"352","352",0.0283262
"353","353",0.0284307
"354","354",0.048475
"355","355",0.0511604
"356","356",0.0488894
"357","357",0.0383642
"358","358",0.0331831
"359","359",0.016004
"360","360",0.0131251
"361","361",0.0156359
"362","362",0.0159116
"363","363",0.00831093
"364","364",0.00806828
"365","365",0.00888803
"366","366",0.00627412
"367","367",0.00569149
"368","368",0.00574249
"369","369",0.00618711
"370","370",0.00446783
"371","371",0.00516493
"372","372",0.00630522
"373","373",0.00575598
"374","374",0.0055654
"375","375",0.00725789
"376","376",0.0117253
"377","377",0.00722699
"378","378",0.00589332
"379","379",0.00507121
"380","380",0.00284035
"381","381",0.00412757
"382","382",0.00725991
"383","383",0.00446485
"384","384",0.00325474
"385","385",0.00518246
"386","386",0.00607575
"387","387",0.00410921
"388","388",0.00448053
"389","389",0.00660381
"390","390",0.00760763
"391","391",0.00716465
"392","392",0.00603858
"393","393",0.0091536
"394","394",0.0131531
"395","395",0.0109952
"396","396",0.00994147
"397","397",0.0153889
"398","398",0.0164973
"399","399",0.0134059
"400","400",0.00894917
"401","401",0.00767614
"402","402",0.00512857
"403","403",0.00380481
"404","404",0.00576287
"405","405",0.00522515
"406","406",0.00350075
"407","407",0.00425857
"408","408",0.00586926
"409","409",0.00370205
"410","410",0.0031917
"411","411",0.0046743
"412","412",0.00476792
"413","413",0.00384038
"414","414",0.00394615
"415","415",0.0046657
"416","416",0.00530023
"417","417",0.00560676
"418","418",0.00695909
"419","419",0.00909336
"420","420",0.0103203
"421","421",0.0126801
"422","422",0.0111464
"423","423",0.00917056
"424","424",0.0131444
"425","425",0.00950217
"426","426",0.0117742
"427","427",0.0175385
"428","428",0.0152028
"429","429",0.0114328
"430","430",0.0188509
"431","431",0.0204941
"432","432",0.0133033
"433","433",0.0152234
"434","434",0.0239066
"435","435",0.0191375
"436","436",0.0198223
"437","437",0.0231212
"438","438",0.0279772
"439","439",0.0326374
"440","440",0.0248817
"441","441",0.025664
"442","442",0.0204518
"443","443",0.0205715
"444","444",0.0254402
"445","445",0.0149887
"446","446",0.0151341
"447","447",0.0170905
"448","448",0.0117649
"449","449",0.00854186
"450","450",0.00896603
"451","451",0.00773798
"452","452",0.00628974
"453","453",0.00613721
"454","454",0.00696738
"455","455",0.00625686
"456","456",0.00549014
"457","457",0.00601931
"458","458",0.00811057
"459","459",0.00759829
"460","460",0.00657141
"461","461",0.00816202
"462","462",0.012798
"463","463",0.0111149
"464","464",0.0100329
"465","465",0.0152307
"466","466",0.0222164
"467","467",0.0184755
"468","468",0.0169073
"469","469",0.0255951
"470","470",0.0382734
"471","471",0.0326379
"472","472",0.0230041
"473","473",0.0117481
"474","474",0.0079602
"475","475",0.00607126
"476","476",0.00641663
